sku,type,title,description,base_color,design_file,delivery_file,ip_clearance,fulfillment_type,listed
ER-FCC-001,planner,Family Command Center,"Family organization: everyone's info, accounts, and documents in one place. Delivered as a per-buyer Drive share after checkout (EverReady per-buyer delivery decision, 2026-09-19).",n/a,family-command-center.pdf,,n/a,digital,0
ER-EK-001,kit,Executor's Kit,"The executor work: the AI playbook asks the questions, gathers everything, and walks through the entire process step by step. Delivered as a per-buyer Drive share after checkout.",n/a,executors-kit.pdf,,n/a,digital,0
ER-FRB-001,bundle,Family Readiness Bundle,"The planning side for the whole family: Family Command Center + Executor's Kit together. Delivered as per-buyer Drive shares of both files after checkout (no bundle PDF exists).",n/a,,,n/a,digital,0
ER-AUTO-001,service,Automated Executor / Private Family Auction,"Per-family private heirs-only website: open bidding only, automatic settlement math, full audit trail. Provisioned per family after purchase — not a file download.",n/a,,,n/a,digital,0
ER-EAP-001,playbook,Executor AI Playbook with Automated Script,"The automated/scripted executor playbook (Executor Companion Script): steps the customer through the entire executor process. Delivery path to be wired before this row can list.",n/a,,,n/a,digital,0
ER-DAI-001,workbook,Digital Asset Inventory Workbook,"Paid workbook: inventory every digital account and asset so nothing is lost. Per-buyer Drive fulfillment entry to be wired before this row can list.",n/a,digital-asset-inventory-workbook.pdf,,n/a,digital,0
ER-LSIK-001,kit,Life Story Interview Kit,"The guided legacy-capture kit: 70-question bank, recording guide, and AI interview assistant. Delivery path to be wired before this row can list.",n/a,life-story-interview-kit.pdf,,n/a,digital,0
ER-FPA-001,program,Family Photo Archive,"Companion-script program: preserve and organize the family's photo archive. Delivery path to be wired before this row can list.",n/a,,,n/a,digital,0
ER-CSO-001,service,Community Sell-Off,"Companion-script program (base tier): run a community sell-off. Delivery path to be wired before this row can list.",n/a,,,n/a,digital,0
