sku,type,title,description,base_color,design_file
PR-T001,tee,Pushrod™ Crest,"Winged piston crest with crossed pushrods — the PUSHROD™ flag for riders who still set their own points. Bold badge art that reads clear across the parking lot, and a perfect gift for the biker who lives in the garage.",black,tees/pr-t001-pushrod-crest.webp
PR-T002,tee,Finned Fury,Deep cooling fins and a V-twin front view in vintage garage-poster style. A great gift for the air-cooled faithful who count fins like horsepower.,charcoal,tees/pr-t002-finned-fury.webp
PR-T003,tee,Kickstart King,"Tall retro lettering over a kickstart lever banner. No button, no excuses — a perfect gift for the kick-only crowd.",navy,tees/pr-t003-kickstart-king.webp
PR-T004,tee,Torque It,"Condensed vintage type with a torque wrench crossing behind it. The shop-floor commandment — torque it, don't guess it — makes a great gift for any home mechanic.",olive,tees/pr-t004-torque-it.webp
PR-T005,tee,Points & Fire,Blueprint schematic of a points-and-condenser ignition in white line art on deep navy. The old fire-starter drawn like an engineering drawing — a standout gift for vintage-ignition nerds.,navy,tees/pr-t005-points-and-fire.webp
PR-T006,tee,Carb Life,"Cutaway of a round-slide carburetor — float bowl, main jet, pilot jet, all labeled like a shop-manual page. A perfect gift for the tuner who jets it rich.",cream,tees/pr-t006-carb-life.webp
PR-T007,tee,Feel the Gap,"A fan of feeler gauges beside a spark plug. Points, plugs, valves — everything on a good motor is a gap you can feel. Great gift for the meticulous wrench.",forest,tees/pr-t007-feel-the-gap.webp
PR-T008,tee,Timed Right,"Flywheel timing marks under a bold TIMED RIGHT banner. Set, lock, check — a perfect gift for the rider who times by ear and verifies by light.",brown,tees/pr-t008-timed-right.webp
PR-T009,tee,Garage Nights,"A garage door half open at night, shop light glowing over a waiting motorcycle. For everyone who does their best work after dark — and a great gift for night-shift wrenchers.",black,tees/pr-t009-garage-nights.webp
PR-T010,tee,Shop Rag Wisdom,"A grease-stained shop rag draped over an adjustable wrench. The most honest tool in the box, worn proud — a perfect gift for real working hands.",charcoal,tees/pr-t010-shop-rag-wisdom.webp
PR-T011,tee,V-Twin Heart,"A heart built from a piston, connecting rod, and twin cylinders. Wear your motor on your chest — a great gift for the V-twin devoted.",burgundy,tees/pr-t011-vtwin-heart.webp
PR-T012,tee,Pushrod™ Power,Round service badge with a rocker box and pushrod tubes at its center. Old-school muscle stamped in a circle — a solid gift for pushrod loyalists.,forest,tees/pr-t012-pushrod-power.webp
PR-T013,tee,Inline Four,"Four finned cylinders in a row, drawn like a shop-manual hero shot. A great gift for the multi-cylinder faithful.",navy,tees/pr-t013-inline-four.webp
PR-T014,tee,Piston Slap,"A worn piston rocking in its bore, motion lines flying. Every old motor has a voice — a funny, honest gift for riders of well-worn machines.",charcoal,tees/pr-t014-piston-slap.webp
PR-T015,tee,Oil Is Life,"A vintage oil can pouring a glossy golden stream. No oil, no motor, no ride — a perfect gift for the maintenance-obsessed.",brown,tees/pr-t015-oil-is-life.webp
PR-T016,tee,Chain Drive,"A drive chain wrapped around a rear sprocket, every link drawn. Final drive, no apologies — a great gift for chain-drive purists.",black,tees/pr-t016-chain-drive.webp
PR-T017,tee,Clean Jets,"Black-and-white macro photograph of brass jets on oiled metal, hard side light and deep shadow. Fine-art print of the smallest parts that make the biggest difference — a premium gift for carb tuners.",olive,tees/pr-t017-clean-jets.webp
PR-T018,tee,Dwell On It,"Chiaroscuro oil painting of ignition points opening with an electric spark arcing across the gap. Dwell, gap, timing — a gallery-grade gift for old-spark devotees.",cream,tees/pr-t018-dwell-on-it.webp
PR-T019,tee,Compression Test,"A vintage compression tester screwed into a V-twin, needle frozen mid-sweep in warm workshop light. The ten-second test that tells the whole truth — a great gift for engine diagnosticians.",navy,tees/pr-t019-compression-test.webp
PR-T020,tee,Valve Lash,"Painterly close-up of rocker arms and valve springs in golden light, oil-sheened steel in impressionistic brushwork. A fine-art gift for the valve-lash faithful.",charcoal,tees/pr-t020-valve-lash.webp
PR-T021,tee,Pushrod™ Shop Tee,Distressed white-on-black winged shield crest with crossed pushrods and old shop-tee PUSHROD™ lettering. The flagship badge — a perfect gift for any rider who flies the PUSHROD™ flag.,black,tees/pr-t021-pushrod-shop-tee.webp
PR-T022,tee,Torque & Oil,Round service badge with a crossed wrench and oil can at its center. The two fluids of a happy motor — a great gift for the home mechanic.,black,tees/pr-t022-torque-and-oil.webp
PR-T023,tee,Grease & Glory,A greasy handprint and crossed wrenches inside a distressed shield crest. For hands that earn their keep — a perfect gift for working wrenchers.,charcoal,tees/pr-t023-grease-and-glory.webp
PR-T024,tee,Finned & Free,Winged finned cylinder in an oval badge with a ribbon banner. Air-cooled and unapologetic — a great gift for fin-counters everywhere.,black,tees/pr-t024-finned-and-free.webp
PR-T025,tee,Spark Chasers,Distressed shield badge with ignition parts and a spark under arched SPARK CHASERS lettering. For the spark-chasers — a great gift for vintage-ignition wrenchers.,charcoal,tees/pr-t025-spark-chasers.webp
PR-T026,tee,Carb Kings,A crowned carburetor in a rope-ringed badge with a CARB KINGS banner. Long live the slide and needle — a perfect gift for the jetting-obsessed.,black,tees/pr-t026-carb-kings.webp
PR-T027,tee,Grease & Thunder,Winged piston shield crest with an oil drop under arched GREASE & THUNDER lettering and a BUILT TO RIDE ribbon. Raw garage thunder — a great gift for the rider who lives in the shop.,charcoal,tees/pr-t027-grease-and-thunder.webp
PR-T028,tee,Pushrod™ Garage Badge,Oval garage badge with a vintage motorcycle and crossed wrenches under PUSHROD™ GARAGE shop type. The house colors — a perfect gift for the Pushrod™ faithful.,black,tees/pr-t028-pushrod-garage-badge.webp
PR-T029,tee,Oily Hands,Oil-blackened hands gripping a greasy wrench under stamped OILY HANDS lettering. The mark of real work — a perfect gift for the mechanic in your life.,black,tees/pr-t029-oily-hands.webp
PR-T030,tee,Grease Stains,"A grease-stained fist holding a fouled spark plug under bold GREASE STAINS type. Worn proud, never washed off — a great gift for hands-on riders.",charcoal,tees/pr-t030-grease-under-nails.webp
PR-T031,tee,Shop Floor,"Scattered wrenches, a drain pan, and fresh oil on cracked concrete under SHOP FLOOR lettering. Home turf — a perfect gift for anyone whose garage is their second home.",black,tees/pr-t031-shop-floor.webp
PR-T032,tee,Busted Knuckles,A scarred fist wrapped around a combination wrench under BUSTED KNUCKLES type. Every scar is a lesson — a great gift for veteran wrenchers.,charcoal,tees/pr-t032-busted-knuckles.webp
PR-T033,tee,Wrench Life,"A pegboard wall of well-worn wrenches and sockets under a single work light, stamped WRENCH LIFE. For the lifers — a perfect gift for the tool-obsessed.",black,tees/pr-t033-wrench-life.webp
PR-T034,tee,Pushrod™ Garage Est. 2026,"Faux-vintage 1970s poster with a classic motorcycle and garage door, PUSHROD™ GARAGE in retro orange with an EST. 2026 ribbon. Nostalgia you can wear — a great gift for garage romantics.",black,tees/pr-t034-pushrod-garage-est2026.webp
PR-T035,tee,Garage Open House,"Warm light spilling from an open garage over vintage bikes and tool chests, OPEN HOUSE in retro cream type. Everybody's welcome — a perfect gift for the host of the neighborhood garage.",charcoal,tees/pr-t035-garage-open-house.webp
PR-T036,tee,Swap Meet,"Retro swap-meet poster with tables of engines, pistons, and chrome under SWAP MEET and PUSHROD™ GARAGE lettering. For the parts hunter — a great gift for swap-meet regulars.",black,tees/pr-t036-swap-meet.webp
PR-T037,tee,Cammed Up,"Oil-painting drama of a performance camshaft and lifters in bronze and shadow. Mechanical beauty, gallery-grade — a premium gift for the cam-swapping crowd.",black,tees/pr-t037-cammed-up.webp
PR-T038,tee,Flathead,"Exquisite ink-and-wash study of a vintage flathead V-twin, every fin and fastener drawn by hand. Frame-worthy craft — a standout gift for flathead devotees.",charcoal,tees/pr-t038-flathead-art.webp
PR-T039,tee,Magneto,"Black-and-white macro of a vintage magneto, hard light carving every ridge from shadow. Old spark, high art — a premium gift for ignition purists.",navy,tees/pr-t039-magneto.webp
PR-T040,tee,Big Bore,"Macro photograph of a freshly honed big bore, cross-hatch catching golden light. Displacement you can see — a great gift for the big-inch faithful.",charcoal,tees/pr-t040-big-bore.webp
PR-T041,tee,Stroked,"Impressionistic oil painting of a stroker crank, long-rod piston, and swirling bronze oil. Long stroke, long story — a premium gift for displacement chasers.",black,tees/pr-t041-stroked.webp
PR-T042,tee,Ride On,"Engraved-style skull in a vintage open-face helmet and goggles over a RIDE ON banner. Risk acknowledged, throttle open — a bold gift for the fearless.",black,tees/pr-t042-skull-helmet-ride-on.webp
PR-T043,tee,Born to Wrench,"A helmeted skull biting down on a combination wrench under arched BORN TO WRENCH type. It's not a hobby, it's a condition — a great gift for the born wrencher.",charcoal,tees/pr-t043-born-to-wrench.webp
PR-T044,tee,Ace Mechanic,Helmeted skull in goggles over an ace-of-spades emblem with an ACE MECHANIC banner. Play to win — a bold gift for the high-roller rider.,black,tees/pr-t044-ace-mechanic.webp
PR-T045,tee,Loud & Proud,Straight pipes belting sound waves under stamped LOUD & PROUD type. The neighborhood knows — a bold gift for the straight-pipe faithful.,black,tees/pr-t045-loud-and-proud.webp
PR-T046,tee,No Trailer Queens,"A road-worn, bug-splattered vintage bike under NO TRAILER QUEENS lettering. Ridden, not trailered — a stance gift for real riders.",charcoal,tees/pr-t046-no-trailer-queens.webp
PR-T047,tee,Wrenched Not Waxed,"A work-worn wrench crossed over a polishing cloth with a red slash under WRENCHED NOT WAXED. Function over shine — a great gift for riders, not polishers.",black,tees/pr-t047-wrenched-not-waxed.webp
PR-T048,tee,Therapist by the Mile,"A vintage bike parked outside a little office door under MY THERAPIST CHARGES BY THE MILE. Two wheels beat a couch — a funny, perfect gift for the rider who needs it.",charcoal,tees/pr-t048-therapist-by-the-mile.webp
PR-T049,tee,I Brake for Parts Stores,"A vintage bike screeching to a halt at a parts-store window under I BRAKE FOR PARTS STORES. Resistance is futile — a funny, perfect gift for the chronic parts buyer.",black,tees/pr-t049-brake-for-parts.webp
PR-T050,tee,"Yes, I Need Another Project","A garage crammed with half-finished bike projects under YES, I NEED ANOTHER PROJECT. Denial, worn proud — a hilarious gift for the serial project starter.",charcoal,tees/pr-t050-another-project.webp
PR-T051,tee,Retirement Plan,A vintage bike parked next to an empty rocking chair at sunset under MY RETIREMENT PLAN HAS TWO WHEELS. The chair can wait — a perfect funny gift for the soon-to-retire rider.,black,tees/pr-t051-retirement-plan.webp
PR-T052,tee,Still Kickin',"A kickstart lever mid-swing with motion lines under STILL KICKIN'. Old bike, older rider, both still firing — a great age-pride gift for the veteran.",charcoal,tees/pr-t052-still-kickin.webp
PR-T053,tee,"Classic, Not Old","A bearded veteran leaning on his vintage bike under CLASSIC, NOT OLD. Age is just patina — a perfect age-pride gift for the old guard.",charcoal,tees/pr-t053-classic-not-old.webp
PR-T054,tee,Aged to Perfection,"A vintage-style label badge with a rider, AGED TO PERFECTION on top and an EST. 1969 ribbon below. Miles over years — a great gift for the seasoned rider.",black,tees/pr-t054-aged-to-perfection.webp
PR-T055,tee,Open Road,Cinematic photograph of a lone rider on an endless dusk highway under a towering sky. The whole myth in one frame — a premium gift for the long-haul dreamer.,black,tees/pr-t055-open-road.webp
PR-T056,tee,Two Lanes,A winding two-lane blacktop through the mountains with a lone bike heading for the horizon under TWO LANES. No interstates — a great gift for back-road riders.,charcoal,tees/pr-t056-two-lanes.webp
PR-T057,tee,Chase the Horizon,Painterly desert sunrise with a rider silhouetted against blazing mesas under CHASE THE HORIZON. Go where the light goes — a premium gift for the wanderer.,navy,tees/pr-t057-chase-the-horizon.webp
PR-T058,tee,Garage Muse,Tasteful 1950s pin-up poster of a smiling garage girl in coveralls on a vintage bike. Wholesome retro charm — a fun gift for the garage romantic.,black,tees/pr-t058-garage-muse.webp
PR-T059,tee,Ride Free Wings,Spread wings behind a spoked wheel with a RIDE FREE ribbon banner. The creed in one image — a bold gift for the freedom-minded rider.,black,tees/pr-t059-ride-free-wings.webp
PR-T060,tee,Pushrod™ Wings,Winged PUSHROD™ shop type over a GARAGE SUPPLY ribbon banner. The house crest with wings — a perfect gift for the Pushrod™ faithful.,charcoal,tees/pr-t060-pushrod-wings.webp
PR-H001,hat,Pushrod™ Badge,"A distressed vintage circular badge — PUSHROD™ in bold cream thread on black, the winning trucker front-panel format. Perfect gift for bikers who live the shop life.",Black,hats/pr-h001-pushrod-badge.webp
PR-H002,hat,Kick Starter,"Photorealistic-detail monochrome kickstart mechanism — knurled pedal, spring, pivot bolts and hardware in fine silver linework — over the word KICK. Rich black and white badge art. Perfect gift for the biker on your list.",Charcoal,hats/pr-h002-kickstart-arm.webp
PR-H003,hat,V-Twin Shield,"An ornate silver V-twin shield — individually rendered cooling fins, crankcase detail, and scrollwork border on deep navy, with the V-TWIN ribbon banner. Premium patch art. Perfect gift for the biker on your list.",Navy,hats/pr-h003-vtwin-emblem.webp
PR-H004,hat,Torque Spec 65,"65 FT-LB in embossed metallic silver with red shadowing, backed by a finely detailed torque wrench and red gauge dial — dramatic red-and-black shop art. Perfect gift for the garage faithful.",Black,hats/pr-h004-torque-spec.webp
PR-H005,hat,Points & Spark,POINTS in bold thread with an ignition-points contact and spark bolt — a nod to the days when you set your timing with a feeler gauge. A great gift for the rider who has everything.,Dark Brown,hats/pr-h005-points-condenser.webp
PR-H006,hat,Carb King,Distressed circular CARB KING badge in white on black — for the tuner who dials in a carb by ear and smell. A great gift for the garage tuner.,Black,hats/pr-h006-carb-king.webp
PR-H007,hat,Finned Cool,"A finned cylinder in cream thread on olive — air-cooled, old-school, and cool in every sense of the word. A great gift for the rider who has everything.",Olive,hats/pr-h007-finned-cool.webp
PR-H008,hat,Kick Only,KICK ONLY in varsity block with lightning bolts — a declaration of principles for riders with no electric start and no regrets. A great gift for the rider who has everything.,Black,hats/pr-h008-kick-only.webp
PR-H009,hat,Timing Mark,"TDC in a distressed timing-dial circular patch, silver on charcoal — top dead center, where every good build starts. Perfect gift for the engine builder.",Charcoal,hats/pr-h009-timing-marks.webp
PR-H010,hat,Shop Wisdom,Crossed wrenches over a SHOP WISDOM banner on a distressed shield badge — earned one busted knuckle at a time. Perfect gift for the garage faithful.,Black,hats/pr-h010-shop-wisdom.webp
PR-H011,hat,Pushrod™ Co.,Distressed PUSHROD™ CO. circular badge in cream on navy — old-company feel on the winning trucker patch. Perfect gift for the vintage-bike loyalist.,Navy,hats/pr-h011-pushrod-co.webp
PR-H012,hat,Pushrod™ Star,"A gold star badge carrying the PUSHROD™ name with twin pistons — big, bold, and readable from across the parking lot. Perfect gift for the biker on your list.",Black,hats/pr-h012-pushrod-star.webp
PR-H013,hat,Piston Crown,"A piston crown rendered like a monument in silver-grey on black — the heart of the engine, honored. Perfect gift for the engine builder.",Black,hats/pr-h013-piston-crown.webp
PR-H014,hat,Thunder Twin,A V-twin exploding in rendered thunder-grey on a black dad cap — power you can feel through the frame. Perfect gift for the V-twin devotee.,Black,hats/pr-h014-thunder-twin.webp
PR-H015,hat,45 Degrees,"A stealth black-on-black snapback patch: bold 45° and a simple V over matte black. Quiet, premium, unmistakable to those who know. Perfect gift for the V-twin faithful.",Black,hats/pr-h015-45-degrees.webp
PR-H016,hat,Heavy Iron,HEAVY IRON stacked big in distressed silver-grey on black — a wordmark that reads from across the lot. Perfect gift for the big-bore rider.,Black,hats/pr-h016-heavy-iron.webp
PR-H017,hat,Wings Banner,"Classic biker wings over a PUSHROD™ banner, tonal black-on-black — the stealth bestseller format. Perfect gift for the patch-jacket generation.",Black,hats/pr-h017-wings-banner.webp
PR-H018,hat,Skull Helmet,"A small bold skull in an open-face helmet over PUSHROD™, silver on black — the classic rider's mark, sized to stitch clean. Perfect gift for the helmet-on rider.",Black,hats/pr-h018-skull-helmet.webp
PR-H019,hat,Pushrod™ MC,"PUSHROD™ MC in heavy outlaw-style gothic letters, tonal black-on-black — a stealth bestseller for the patch-jacket crowd. Perfect gift for the club-minded rider.",Black,hats/pr-h019-pushrod-mc.webp
PR-H020,hat,Distress Badge,A heavily worn circular PUSHROD™ badge in silver on charcoal — looks earned from day one. Perfect gift for the vintage-obsessed biker.,Charcoal,hats/pr-h020-distress-badge.webp
PR-H022,hat,Wings Piston,"Biker wings around a bold piston with PUSHROD™ on a banner below, cream on black — wings for the ones who live for the ride. Perfect gift for the biker.",Black,hats/pr-h022-wings-piston.webp
PR-H023,hat,Skull Ride,"A small helmeted skull over the word RIDE, white on charcoal — quiet biker code on the winning snapback. Perfect gift for the no-nonsense rider.",Charcoal,hats/pr-h023-skull-ride.webp
PR-H024,hat,Ride Or Wrench,"RIDE OR WRENCH stacked bold, tonal black-on-black — the rider's credo in stealth form. Perfect gift for the garage-and-road lifer.",Black,hats/pr-h024-ride-wrench.webp
PR-H025,hat,Pushrod™ Roundel,A distressed circular roundel badge — PUSHROD™ in cream over navy with a bold spark plug mark. Perfect gift for the vintage-bike loyalist.,Navy,hats/pr-h025-pushrod-roundel.webp
PR-H027,hat,Camo Wings,"Classic PUSHROD™ wings on a camo trucker — cream thread, vintage texture, built for the woods-and-road rider. Perfect gift for the outdoors biker.",Camo,hats/pr-h027-camo-wings.webp
PR-H028,hat,Skull Kickstart,"A helmeted skull over KICKSTART in silver on black — old-school starting, old-school code. Perfect gift for the kick-only faithful.",Black,hats/pr-h028-skull-kickstart.webp
PR-H029,hat,Pushrod™ Nation,"A worn circular badge — PUSHROD™ NATION in silver on charcoal, for the whole tribe. Perfect gift for the biker who claims the brand.",Charcoal,hats/pr-h029-pushrod-nation.webp
PR-H031,hat,Wrench Gang,"WRENCH GANG in outlaw-style gothic letters, tonal black-on-black — for the crew that turns wrenches together. Perfect gift for the shop crew.",Black,hats/pr-h031-wrench-gang.webp
PR-H032,hat,Iron Wings,PUSHROD™ wings in cream with red accents on black — the bolder brother of the black-on-black bestseller. Perfect gift for the rider who wants color.,Black,hats/pr-h032-iron-wings.webp
PR-H033,hat,Cast Iron,"A worn circular CAST IRON badge in silver on charcoal — old metal, old ways. Perfect gift for the vintage-iron devotee.",Charcoal,hats/pr-h033-cast-iron.webp
PR-H034,hat,Skull Thunder,A helmeted skull over THUNDER in cream on navy — the loud badge for the loud bike. Perfect gift for the thunder-rolling rider.,Navy,hats/pr-h034-skull-thunder.webp
PR-H035,hat,White Roundel,"Maximum-contrast white-on-black circular PUSHROD™ badge — the boldest, simplest read in the line. Perfect gift for any biker, zero guesswork.",Black,hats/pr-h035-white-roundel.webp
PR-H037,hat,Diamond Pushrod™,PUSHROD™ in outlaw letters on a tonal black-on-black diamond patch — stealth attitude on a flat brim. Perfect gift for the patch-jacket crowd.,Black,hats/pr-h037-diamond-pushrod.webp
PR-H038,hat,Since 1969,SINCE 1969 in a distressed heritage badge on camo — for the rider who's been at it since the beginning. Perfect gift for the lifelong biker.,Camo,hats/pr-h038-since-1969.webp
PR-H039,hat,Kickstart Cult,A worn KICKSTART CULT badge in silver on black — membership in the cult of the kick. Perfect gift for the kick-only faithful.,Black,hats/pr-h039-kickstart-cult.webp
PR-H040,hat,Skull Banner,"A helmeted skull over a PUSHROD™ banner, tonal black-on-black — the catalog's stealth closer. Perfect gift for the patch-jacket generation.",Black,hats/pr-h040-skull-banner.webp
PR-M001,mug,Kickstart Coffee Mug,"A bold kickstart-lever graphic in orange and cream for the rider who still starts the old way: one leg, full commitment. Dishwasher-safe wrap print.",matte black ceramic,misc/pr-m001-kickstart-mug.webp
PR-M002,mug,Torque Specs Coffee Mug,"Crossed torque wrench and adjustable wrench under a TORQUE SPECS header, with a calibrated-ft-lb ribbon. For the mechanic who owns a torque wrench and actually uses it.",matte black ceramic,misc/pr-m002-torque-specs-mug.webp
PR-M003,mug,Garage Nights Coffee Mug,Finned V-twin cylinders under a full moon with a GARAGE NIGHTS ribbon. For the late-night wrenchers who measure a good evening in skinned knuckles and solved problems.,matte black ceramic,misc/pr-m003-garage-nights-mug.webp
PR-M004,metal sign,Pushrod™ Garage Embossed Metal Sign,"Heavy embossed tin sign: PUSHROD™ GARAGE in raised letters over a distressed V-twin, with CUSTOM - REPAIR - SERVICE and MOTORCYCLE - HOT ROD - FABRICATION ribbons. Pre-drilled corners, ready to hang.",blackened steel with rust-red enamel accents,misc/pr-m004-pushrod-garage-sign.webp
PR-M005,metal sign,Points and Condenser Embossed Metal Sign,Embossed tin tribute to ignition points and condenser: CONTACT POINTS and CONDENSER labels under SET THE GAP. For the rider who still times by ear and feeler gauge.,aged steel with teal and cream enamel,misc/pr-m005-points-condenser-sign.webp
PR-M006,metal sign,Ride Em Dont Trailer Em Metal Sign,Embossed tin sign with a V-twin kicking up dust: RIDE EM DONT TRAILER EM in raised western type. A shop creed for riders who put miles on their machines.,blackened steel with cream and rust-red enamel,misc/pr-m006-ride-em-sign.webp
PR-M007,decal,Carb Life Shop Decal Sheet,"Eight die-cut shop decals on one sheet: CARB LIFE, CHECK YOUR OIL, TIMING 12, SPARK PLUG, GEAR UP, OIL CHANGE, REV IT, and TORQUE CHECK SPECS. Weatherproof vinyl for toolboxes, tanks, and trailers.",white vinyl backing,misc/pr-m007-carb-life-decals.webp
PR-M008,decal,Fins and Chrome Decal,"Large die-cut decal: FINS AND CHROME arched over finned V-twin cylinders with chrome drag pipes. Weatherproof vinyl, built for fenders, helmets, and trailer doors.",white vinyl backing,misc/pr-m008-fins-chrome-decal.webp
PR-M009,decal,Timing Marks Advance Decal,"Round shop decal: TIMING MARKS over a vintage advance dial with ADVANCE across the bottom. Weatherproof vinyl for timing covers, toolboxes, and shop doors.",white vinyl backing,misc/pr-m009-timing-marks-decal.webp
PR-M010,metal sign,Timing Is Everything Metal Sign,"Embossed tin sign pairing a strobe timing light with a degree-marked flywheel: TIMING IS EVERYTHING up top, SET YOUR IGNITION - ACCURATE - RELIABLE - CLASSIC below. Perfect gift for the garage of anyone who still times by strobe.",blackened steel with distressed cream enamel,misc/pr-m010-timing-sign.webp
PR-M011,metal sign,Fuel Fire Air Metal Sign,"Embossed tin sign: FUEL - FIRE - AIR in raised letters over a flame-wreathed piston and rod. The three ingredients of every running engine, in fire-colored enamel - perfect gift for any garage wall.",blackened steel with flame-orange enamel,misc/pr-m011-fuel-fire-air-sign.webp
PR-M012,banner,Pushrod™ V-Twin Garage Flag,Large distressed shop flag: PUSHROD™ in massive cracked white letters over a faded V-twin. Sun-bleached and shop-worn looking from day one - hangs like it has always been there. Perfect gift for the garage.,distressed black fabric with white print,misc/pr-m012-pushrod-flag.webp
PR-M013,banner,Built in the Garage Checkered Flag,Checkered-border garage flag: BUILT IN THE GARAGE in bold distressed white over a crossed piston and wrench. The creed of everyone who wrenches their own ride - a perfect gift for the builder in your life.,black fabric with checkered border,misc/pr-m013-built-in-the-garage.webp
PR-M014,patch,Pushrod™ V-Twin Rocker Patch,Embroidered rocker: PUSHROD™ arched in cream thread over a finely stitched V-twin in graphite and orange. The centerpiece of any vest or jacket.,charcoal twill with merrowed black border,misc/pr-m014-pushrod-rocker-patch.webp
PR-M015,patch,Jet It Right Carburetor Patch,Round embroidered patch: a finely stitched vintage carburetor under JET IT RIGHT in cream thread. For the tuners who dial by ear and plug color.,olive twill with merrowed red border,misc/pr-m015-carburetor-patch.webp
PR-M016,keychain,Desert Rider Etched Keychain,"Steel fob with a fine-line engraving of a lone rider crossing the desert at sunset, RIDE etched beneath. A pocket-sized piece of engraving art on a leather strap.",brushed stainless steel with leather strap,misc/pr-m016-etched-rider-keychain.webp
PR-M017,keychain,Cobalt Piston Enamel Keychain,Hard-enamel fob shaped like a vintage piston in cobalt blue and chrome enamel with gold pinstripes and a tiny TORQUE mark on the edge. Heirloom-feel hardware for your key ring.,cobalt enamel with antique gold outline,misc/pr-m017-piston-enamel-keychain.webp
PR-M018,banner,Ride Loud Monochrome Flag,Monochrome distressed flag: RIDE LOUD in massive cracked white letters with a faded finned cylinder behind. Black and white garage-real - perfect gift for the rider whose bike does the talking.,worn black fabric with white print,misc/pr-m018-ride-loud-flag.webp
PR-M019,banner,Midnight Workbench Canvas Banner,"Cinematic oil-painting banner: a V-twin rebuild on a wooden bench under a warm shop lamp, tools and torque notes scattered in golden light. The kind of painting that hangs framed in a garage.",warm lamp-lit oil-painting palette,misc/pr-m019-workbench-banner.webp
PR-M020,decal,Tune Up Shop Decal Sheet Vol 2,"Eight more die-cut shop decals in cream and red: SET THE GAP, TUNE UP, OIL, KICKSTART, CHAIN, BUILT STRONG, ROUND UP SERVICE, and LUBE. Weatherproof vinyl - perfect gift for any toolbox lid. Pairs with the Carb Life sheet.",white vinyl backing,misc/pr-m020-tune-up-decals.webp
PR-S001,sweatshirt,Pushrod™ Crest Pullover,Winged piston crest with crossed pushrods — the PUSHROD™ flag for riders who still set their own points. Bold badge art that reads clear across the parking lot Printed big on a heavyweight pullover fleece — the shop-uniform version of a PUSHROD™ classic.,black,tees/pr-t001-pushrod-crest.webp
PR-S002,sweatshirt,Pushrod™ Shop Tee Pullover,Distressed white-on-black winged shield crest with crossed pushrods and old shop-tee PUSHROD™ lettering. The flagship badge. Printed big on a heavyweight pullover fleece — the shop-uniform version of a PUSHROD™ classic.,black,tees/pr-t021-pushrod-shop-tee.webp
PR-S003,sweatshirt,Grease & Thunder Pullover,Winged piston shield crest with an oil drop under arched GREASE & THUNDER lettering and a BUILT TO RIDE ribbon. Raw garage thunder. Printed big on a heavyweight pullover fleece — the shop-uniform version of a PUSHROD™ classic.,charcoal,tees/pr-t027-grease-and-thunder.webp
PR-S004,sweatshirt,Carb Kings Pullover,A crowned carburetor in a rope-ringed badge with a CARB KINGS banner. Long live the slide and needle. Printed big on a heavyweight pullover fleece — the shop-uniform version of a PUSHROD™ classic.,black,tees/pr-t026-carb-kings.webp
PR-S005,sweatshirt,Grease & Glory Pullover,A greasy handprint and crossed wrenches inside a distressed shield crest. For hands that earn their keep. Printed big on a heavyweight pullover fleece — the shop-uniform version of a PUSHROD™ classic.,charcoal,tees/pr-t023-grease-and-glory.webp
PR-S006,sweatshirt,Pushrod™ Garage Badge Pullover,Oval garage badge with a vintage motorcycle and crossed wrenches under PUSHROD™ GARAGE shop type. The house colors. Printed big on a heavyweight pullover fleece — the shop-uniform version of a PUSHROD™ classic.,black,tees/pr-t028-pushrod-garage-badge.webp
PR-S007,sweatshirt,Finned & Free Pullover,Winged finned cylinder in an oval badge with a ribbon banner. Air-cooled and unapologetic. Printed big on a heavyweight pullover fleece — the shop-uniform version of a PUSHROD™ classic.,black,tees/pr-t024-finned-and-free.webp
PR-S008,sweatshirt,Spark Chasers Pullover,Distressed shield badge with ignition parts and a spark under arched POINTS PATROL lettering. For the spark-chasers. Printed big on a heavyweight pullover fleece — the shop-uniform version of a PUSHROD™ classic.,charcoal,tees/pr-t025-spark-chasers.webp
PR-S009,sweatshirt,Torque & Oil Pullover,Round service badge with a crossed wrench and oil can at its center. The two fluids of a happy motor. Printed big on a heavyweight pullover fleece — the shop-uniform version of a PUSHROD™ classic.,black,tees/pr-t022-torque-and-oil.webp
PR-S010,sweatshirt,Pushrod™ Power Pullover,Round service badge with a rocker box and pushrod tubes at its center. Old-school muscle stamped in a circle. Printed big on a heavyweight pullover fleece — the shop-uniform version of a PUSHROD™ classic.,forest,tees/pr-t012-pushrod-power.webp
PR-S011,sweatshirt,Pushrod™ Wings Pullover,Winged PUSHROD™ shop type over a GARAGE SUPPLY ribbon banner. The house crest with wings. Printed big on a heavyweight pullover fleece — the shop-uniform version of a PUSHROD™ classic.,charcoal,tees/pr-t060-pushrod-wings.webp
PR-S012,sweatshirt,Aged to Perfection Pullover,"A vintage-style label badge with a rider, AGED TO PERFECTION on top and an EST. 1969 ribbon below. Miles over years. Printed big on a heavyweight pullover fleece — the shop-uniform version of a PUSHROD™ classic.",black,tees/pr-t054-aged-to-perfection.webp
PR-S013,sweatshirt,Kickstart King Pullover,"Tall retro lettering over a kickstart lever banner. No button, no excuses. Printed big on a heavyweight pullover fleece — the shop-uniform version of a PUSHROD™ classic.",navy,tees/pr-t003-kickstart-king.webp
PR-S014,sweatshirt,Timed Right Pullover,"Flywheel timing marks under a bold TIMED RIGHT banner. Set, lock, check. Printed big on a heavyweight pullover fleece — the shop-uniform version of a PUSHROD™ classic.",brown,tees/pr-t008-timed-right.webp
PR-S015,sweatshirt,Ride On Pullover,"Engraved-style skull in a vintage open-face helmet and goggles over a RIDE ON banner. Risk acknowledged, throttle open. Printed big on a heavyweight pullover fleece — the shop-uniform version of a PUSHROD™ classic.",black,tees/pr-t042-skull-helmet-ride-on.webp
PR-S016,sweatshirt,Born to Wrench Pullover,"A helmeted skull biting down on a combination wrench under arched BORN TO WRENCH type. It's not a hobby, it's a condition. Printed big on a heavyweight pullover fleece — the shop-uniform version of a PUSHROD™ classic.",charcoal,tees/pr-t043-born-to-wrench.webp
PR-S017,sweatshirt,Ace Mechanic Pullover,Helmeted skull in goggles over an ace-of-spades emblem with an ACES HIGH banner. Play to win. Printed big on a heavyweight pullover fleece — the shop-uniform version of a PUSHROD™ classic.,black,tees/pr-t044-ace-mechanic.webp
PR-S018,sweatshirt,Loud & Proud Pullover,Straight pipes belting sound waves under stamped LOUD & PROUD type. The neighborhood knows. Printed big on a heavyweight pullover fleece — the shop-uniform version of a PUSHROD™ classic.,black,tees/pr-t045-loud-and-proud.webp
PR-S019,sweatshirt,Still Kickin' Pullover,"A kickstart lever mid-swing with motion lines under STILL KICKIN'. Old bike, older rider, both still firing. Printed big on a heavyweight pullover fleece — the shop-uniform version of a PUSHROD™ classic.",charcoal,tees/pr-t052-still-kickin.webp
PR-S020,sweatshirt,Ride Free Wings Pullover,Spread wings behind a spoked wheel with a RIDE FREE ribbon banner. The creed in one image. Printed big on a heavyweight pullover fleece — the shop-uniform version of a PUSHROD™ classic.,black,tees/pr-t059-ride-free-wings.webp
PR-S021,sweatshirt,Finned Fury Pullover,Deep cooling fins and a V-twin front view in vintage garage-poster style. For the air-cooled faithful who count fins like horsepower. Printed big on a heavyweight pullover fleece — the shop-uniform version of a PUSHROD™ classic.,charcoal,tees/pr-t002-finned-fury.webp
PR-S022,sweatshirt,Torque It Pullover,"Condensed vintage type with a torque wrench crossing behind it. The shop-floor commandment — torque it, don't guess it. Printed big on a heavyweight pullover fleece — the shop-uniform version of a PUSHROD™ classic.",olive,tees/pr-t004-torque-it.webp
PR-S023,sweatshirt,Garage Nights Pullover,"A garage door half open at night, shop light glowing over a waiting motorcycle. For everyone who does their best work after dark. Printed big on a heavyweight pullover fleece — the shop-uniform version of a PUSHROD™ classic.",black,tees/pr-t009-garage-nights.webp
PR-S024,sweatshirt,Shop Rag Wisdom Pullover,"A grease-stained shop rag draped over an adjustable wrench. The most honest tool in the box, worn proud. Printed big on a heavyweight pullover fleece — the shop-uniform version of a PUSHROD™ classic.",charcoal,tees/pr-t010-shop-rag-wisdom.webp
PR-S025,sweatshirt,V-Twin Heart Pullover,"A heart built from a piston, connecting rod, and twin cylinders. Wear your motor on your chest. Printed big on a heavyweight pullover fleece — the shop-uniform version of a PUSHROD™ classic.",burgundy,tees/pr-t011-vtwin-heart.webp
PR-S026,sweatshirt,Piston Slap Pullover,"A worn piston rocking in its bore, motion lines flying. Every old motor has a voice. Printed big on a heavyweight pullover fleece — the shop-uniform version of a PUSHROD™ classic.",charcoal,tees/pr-t014-piston-slap.webp
PR-S027,sweatshirt,Oil Is Life Pullover,"A vintage oil can pouring a glossy golden stream. No oil, no motor, no ride. Printed big on a heavyweight pullover fleece — the shop-uniform version of a PUSHROD™ classic.",brown,tees/pr-t015-oil-is-life.webp
PR-S028,sweatshirt,Oily Hands Pullover,Oil-blackened hands gripping a greasy wrench under stamped OILY HANDS lettering. The mark of real work. Printed big on a heavyweight pullover fleece — the shop-uniform version of a PUSHROD™ classic.,black,tees/pr-t029-oily-hands.webp
PR-S029,sweatshirt,Grease Stains Pullover,"A grease-stained fist holding a fouled spark plug under bold GREASE STAINS type. Worn proud, never washed off. Printed big on a heavyweight pullover fleece — the shop-uniform version of a PUSHROD™ classic.",charcoal,tees/pr-t030-grease-under-nails.webp
PR-S030,sweatshirt,Shop Floor Pullover,"Scattered wrenches, a drain pan, and fresh oil on cracked concrete under SHOP FLOOR lettering. Home turf. Printed big on a heavyweight pullover fleece — the shop-uniform version of a PUSHROD™ classic.",black,tees/pr-t031-shop-floor.webp
PR-S031,sweatshirt,Busted Knuckles Pullover,A scarred fist wrapped around a combination wrench under BUSTED KNUCKLES type. Every scar is a lesson. Printed big on a heavyweight pullover fleece — the shop-uniform version of a PUSHROD™ classic.,charcoal,tees/pr-t032-busted-knuckles.webp
PR-S032,sweatshirt,Wrench Life Pullover,"A pegboard wall of well-worn wrenches and sockets under a single work light, stamped WRENCH LIFE. For the lifers. Printed big on a heavyweight pullover fleece — the shop-uniform version of a PUSHROD™ classic.",black,tees/pr-t033-wrench-life.webp
PR-S033,sweatshirt,Pushrod™ Garage Est. 2026 Pullover,"Faux-vintage 1970s poster with a classic motorcycle and garage door, PUSHROD™ GARAGE in retro orange with an EST. 2026 ribbon. Nostalgia you can wear. Printed big on a heavyweight pullover fleece — the shop-uniform version of a PUSHROD™ classic.",black,tees/pr-t034-pushrod-garage-est2026.webp
PR-S034,sweatshirt,Garage Open House Pullover,"Warm light spilling from an open garage over vintage bikes and tool chests, OPEN HOUSE in retro cream type. Everybody's welcome. Printed big on a heavyweight pullover fleece — the shop-uniform version of a PUSHROD™ classic.",charcoal,tees/pr-t035-garage-open-house.webp
PR-S035,sweatshirt,Swap Meet Pullover,"Retro swap-meet poster with tables of engines, pistons, and chrome under SWAP MEET and PUSHROD™ GARAGE lettering. For the parts hunter. Printed big on a heavyweight pullover fleece — the shop-uniform version of a PUSHROD™ classic.",black,tees/pr-t036-swap-meet.webp
PR-S036,sweatshirt,No Trailer Queens Pullover,"A road-worn, bug-splattered vintage bike under NO TRAILER QUEENS lettering. Ridden, not trailered. Printed big on a heavyweight pullover fleece — the shop-uniform version of a PUSHROD™ classic.",charcoal,tees/pr-t046-no-trailer-queens.webp
PR-S037,sweatshirt,Wrenched Not Waxed Pullover,A work-worn wrench crossed over a polishing cloth with a red slash under WRENCHED NOT WAXED. Function over shine. Printed big on a heavyweight pullover fleece — the shop-uniform version of a PUSHROD™ classic.,black,tees/pr-t047-wrenched-not-waxed.webp
PR-S038,sweatshirt,Therapist by the Mile Pullover,A vintage bike parked outside a little office door under MY THERAPIST CHARGES BY THE MILE. Two wheels beat a couch. Printed big on a heavyweight pullover fleece — the shop-uniform version of a PUSHROD™ classic.,charcoal,tees/pr-t048-therapist-by-the-mile.webp
PR-S039,sweatshirt,I Brake for Parts Stores Pullover,A vintage bike screeching to a halt at a parts-store window under I BRAKE FOR PARTS STORES. Resistance is futile. Printed big on a heavyweight pullover fleece — the shop-uniform version of a PUSHROD™ classic.,black,tees/pr-t049-brake-for-parts.webp
PR-S040,sweatshirt,"Yes, I Need Another Project Pullover","A garage crammed with half-finished bike projects under YES, I NEED ANOTHER PROJECT. Denial, worn proud. Printed big on a heavyweight pullover fleece — the shop-uniform version of a PUSHROD™ classic.",charcoal,tees/pr-t050-another-project.webp
7B-T001,tee,Seven-Brand Badge Tee,"The full seven-company badge — Avenue Cruisers Co., IronHead, RestorationEssentials, SkillForge, Stitchfolk, SportRoots, and EverReady Family ringing the orange 7. One shirt for the whole operation, printed big on a black heavyweight tee.",black,tees/7b-t001-seven-brand-badge.webp
7B-H001,hat,Seven-Brand Badge Hat,The seven-company badge embroidered on a black trucker — all seven brands around the orange 7. The cap for the folks running the whole show.,Black,hats/7b-h001-seven-brand-badge.webp
7B-S001,sweatshirt,Seven-Brand Badge Pullover,The full seven-brand badge printed big on a heavyweight black pullover fleece — the shop-uniform version for the whole family of companies.,black,sweats/7b-s001-seven-brand-badge.webp
7B-M001,mug,Seven-Brand Badge Mug,The seven-company badge on a matte black ceramic mug — all seven brands around the orange 7. Dishwasher-safe wrap print for the desk that runs seven companies.,matte black ceramic,misc/7b-m001-seven-brand-badge.webp
7B-M002,decal,Seven-Brand Badge Decal,"Die-cut vinyl decal of the seven-brand badge — all seven companies around the orange 7. Sticks to the toolbox, the truck, the laptop, anywhere that needs to say the whole operation.",white/clear vinyl,misc/7b-m002-seven-brand-decal.webp
7B-M003,patch,Seven-Brand Badge Patch,Embroidered patch of the seven-brand badge with a merrowed edge — all seven companies around the orange 7. Sew it on the shop jacket.,black twill/orange merrow,misc/7b-m003-seven-brand-patch.webp
