sku,type,title,description,base_color,design_file,delivery_file,ip_clearance,fulfillment_type
SF-ELEC-001,playbook,The Electrician AI Playbook,"AI workflows for electrical contractors — estimating, invoicing, and day-to-day shop work. Instant PDF download (23 pp).",n/a,electricians-playbook-final.pdf,/home/hatch/workspace/goals/paid-pdf-rewrite-queue-512-across-four-brands/files/skillforge-wave/workdir/electricians-playbook-final.pdf,n/a,digital
SF-ROOF-001,playbook,The Roofer AI Playbook,"AI workflows for roofing crews — estimating, invoicing, and callbacks. Instant PDF download (23 pp).",n/a,roofers-playbook-final.pdf,/home/hatch/workspace/goals/paid-pdf-rewrite-queue-512-across-four-brands/files/skillforge-wave/workdir/roofers-playbook-final.pdf,n/a,digital
SF-AUTO-001,playbook,The Auto Repair AI Playbook,"AI workflows for auto-repair shops — service writing, estimating, and customer follow-up. Instant PDF download (23 pp).",n/a,auto-repair-playbook-final.pdf,/home/hatch/workspace/goals/paid-pdf-rewrite-queue-512-across-four-brands/files/skillforge-wave/workdir/auto-repair-playbook-final.pdf,n/a,digital
SF-PEST-001,playbook,The Pest Control AI Playbook,"AI workflows for pest-control operators — scheduling, service notes, and renewals. Instant PDF download (23 pp).",n/a,pestcontrol-playbook-final.pdf,/home/hatch/workspace/goals/paid-pdf-rewrite-queue-512-across-four-brands/files/skillforge-wave/workdir/pestcontrol-playbook-final.pdf,n/a,digital
SF-VET-001,playbook,The Veterinary Practice AI Playbook,"AI workflows for veterinary practices — client communication, reminders, and front-desk work. Instant PDF download (23 pp).",n/a,veterinarians-playbook-final.pdf,/home/hatch/workspace/goals/paid-pdf-rewrite-queue-512-across-four-brands/files/skillforge-wave/workdir/veterinarians-playbook-final.pdf,n/a,digital
SF-HVAC-001,playbook,The HVAC AI Playbook,"AI workflows for HVAC teams — dispatch, service calls, and follow-up. Instant PDF download (8 pp, Wave-A repaired edition).",n/a,hvac-playbook-repaired.pdf,/home/hatch/workspace/goals/paid-pdf-rewrite-queue-512-across-four-brands/files/skillforge-wave/hvac-playbook-repaired.pdf,n/a,digital
SF-REST-001,playbook,The Restaurant AI Playbook,"AI workflows for restaurants — staffing, guest communication, and daily operations. Instant PDF download (8 pp, Wave-A repaired edition).",n/a,restaurants-playbook-repaired.pdf,/home/hatch/workspace/goals/paid-pdf-rewrite-queue-512-across-four-brands/files/skillforge-wave/restaurants-playbook-repaired.pdf,n/a,digital
SF-SALN-001,playbook,The Salon AI Playbook,"AI workflows for salons — booking, client follow-up, and retail. Instant PDF download (14 pp).",n/a,salons-playbook.pdf,/home/hatch/workspace/goals/paid-pdf-rewrite-queue-512-across-four-brands/files/skillforge-wave/workdir/salons-playbook.pdf,n/a,digital
SF-EST-001,playbook,The Real Estate AI Playbook,"AI workflows for real-estate agents and teams — listings, leads, and follow-up. Instant PDF download (10 pp).",n/a,real-estate-playbook.pdf,/home/hatch/workspace/goals/paid-pdf-rewrite-queue-512-across-four-brands/files/skillforge-wave/workdir/real-estate-playbook.pdf,n/a,digital
SF-BOOK-001,playbook,The Bookkeeping AI Playbook,"AI workflows for bookkeepers — multi-client books, categorization, and month-end. Instant PDF download (10 pp).",n/a,bookkeeping-playbook.pdf,/home/hatch/workspace/goals/paid-pdf-rewrite-queue-512-across-four-brands/files/skillforge-wave/workdir/bookkeeping-playbook.pdf,n/a,digital
SF-XERO-001,playbook,The Xero AI Playbook,"Practical AI workflows for Xero teams — bank feeds, invoicing, and reporting. Instant PDF download (26 pp).",n/a,xero-playbook-final.pdf,/home/hatch/workspace/goals/launch-my-five-brands-on-facebook/files/skillforge-rebuilds/xero-playbook-final.pdf,n/a,digital
SF-BLD-001,playbook,The Polsia Builder Playbook,"How to build and ship businesses with the Polsia builder, by Bill Morton — second edition, Sept 2026. Instant PDF download (31 pp).",n/a,polsia-builder-playbook.pdf,/home/hatch/workspace/goals/paid-pdf-rewrite-queue-512-across-four-brands/files/skillforge-wave/workdir/polsia-builder-playbook.pdf,n/a,digital
SF-PLUM-001,playbook,The Plumber AI Playbook,AI workflows for plumbing shops. Live PDP exists on the Polsia site; delivery PDF not yet located in the workspace — not sellable until the book is in hand.,n/a,,,n/a,digital
SF-CONT-001,playbook,The Contracting AI Playbook,"Local file is the Premium Edition (21 pp, Wave-A repaired); live store tiers Starter $37 / Premium $199 — tier-to-file mapping unresolved, so no price is set.",n/a,contracting-playbook-premium-repaired.pdf,/home/hatch/workspace/goals/paid-pdf-rewrite-queue-512-across-four-brands/files/skillforge-wave/contracting-playbook-premium-repaired.pdf,n/a,digital
SF-DENT-001,playbook,The Dentistry AI Playbook,"Local file is the Premium Edition (20 pp, Wave-A repaired); live store tiers Starter $37 / Premium $199 — tier-to-file mapping unresolved, so no price is set.",n/a,dentistry-playbook-premium-repaired.pdf,/home/hatch/workspace/goals/paid-pdf-rewrite-queue-512-across-four-brands/files/skillforge-wave/dentistry-playbook-premium-repaired.pdf,n/a,digital
SF-LAND-001,playbook,The Landscaping AI Playbook,"Local file is the Premium Edition (21 pp, Wave-A repaired); live store tiers Starter $37 / Premium $199 — tier-to-file mapping unresolved, so no price is set.",n/a,landscaping-playbook-premium-repaired.pdf,/home/hatch/workspace/goals/paid-pdf-rewrite-queue-512-across-four-brands/files/skillforge-wave/landscaping-playbook-premium-repaired.pdf,n/a,digital
SF-QBO-001,playbook,The QuickBooks Online AI Playbook,"Connecting QuickBooks Online, chart-of-accounts cleanup, estimating and invoicing for trades, bank feeds and rules, month-end close. Genuine 36 pp rebuild (2026-10-02). Live store sells this line on a quarterly model; one-time price unverified, so no price is set.",n/a,QuickBooks-Online-AI-Playbook.pdf,/home/hatch/workspace/your_files/skillforge/QuickBooks-Online-AI-Playbook.pdf,n/a,digital
SF-JOB-001,playbook,The Jobber AI Playbook,"AI workflows built around Jobber for service businesses (21 pp). Live PDP exists; one-time price unverified, so no price is set.",n/a,jobber-playbook.pdf,/home/hatch/workspace/goals/paid-pdf-rewrite-queue-512-across-four-brands/files/skillforge-wave/workdir/jobber-playbook.pdf,n/a,digital
SF-STN-001,playbook,The ServiceTitan AI Playbook,"AI workflows built around ServiceTitan for home-service teams (21 pp). Live PDP exists; one-time price unverified, so no price is set.",n/a,service-titan-playbook.pdf,/home/hatch/workspace/goals/paid-pdf-rewrite-queue-512-across-four-brands/files/skillforge-wave/workdir/service-titan-playbook.pdf,n/a,digital
SF-DTX-001,playbook,The Dentrix AI Playbook,"AI workflows built around Dentrix for dental practices (21 pp). Live PDP exists; one-time price unverified, so no price is set.",n/a,dentrix-playbook.pdf,/home/hatch/workspace/goals/paid-pdf-rewrite-queue-512-across-four-brands/files/skillforge-wave/workdir/dentrix-playbook.pdf,n/a,digital
SF-HCP-001,playbook,The Housecall Pro AI Playbook,"AI workflows built around Housecall Pro for home-service pros (21 pp). Live PDP exists; one-time price unverified, so no price is set.",n/a,housecall-pro-playbook.pdf,/home/hatch/workspace/goals/paid-pdf-rewrite-queue-512-across-four-brands/files/skillforge-wave/workdir/housecall-pro-playbook.pdf,n/a,digital
SF-SOC-001,playbook,The Social Media AI Playbook,"AI workflows for running social media for a small business. Book built and on disk; not yet published on the live store, so no price is set.",n/a,Social-Media-AI-Playbook.pdf,/home/hatch/workspace/your_files/skillforge/Social-Media-AI-Playbook.pdf,n/a,digital
