sku,type,title,description,base_color,design_file,delivery_file,ip_clearance,fulfillment_type,listed,bundle_skus
ST-LACE-DRESS-001,pattern,"Stitchfolk Sewing, Bustier Dress, Lace Overlay Dress",A lace-overlay bustier dress sewing pattern with a fitted bodice. Instant PDF download (6 pp).,n/a,Stitchfolk_LaceOverlayBustierDress_Pattern.pdf,Stitchfolk_LaceOverlayBustierDress_Pattern.pdf,n/a,digital,0,
ST-PAPERBAG-TROUSERS-001,pattern,"Stitchfolk Sewing, Paperbag Waist Trousers, Pull-On Pants",Pull-on paperbag-waist trousers sewing pattern with an easy elastic fit. Instant PDF download (6 pp).,n/a,Stitchfolk_PaperbagWaistTrousers_Pattern.pdf,Stitchfolk_PaperbagWaistTrousers_Pattern.pdf,n/a,digital,0,
ST-STOCKINETTE-VEST-001,pattern,"Stitchfolk Knit Vest, Stockinette Vest Three Sizes, Sleeveless Top",A clean stockinette knit vest pattern in three sizes. Instant PDF download (6 pp).,n/a,Stitchfolk_StockinetteVestThreeSizes_Pattern.pdf,Stitchfolk_StockinetteVestThreeSizes_Pattern.pdf,n/a,digital,0,
ST-STRIPED-TEE-001,pattern,"Stitchfolk Striped Summer Crochet Tee, Boxy Boho Top, 4 Sizes",A boxy striped summer crochet tee pattern in four sizes. Instant PDF download (6 pp).,n/a,Stitchfolk_StripedSummerCrochetTee_Pattern.pdf,Stitchfolk_StripedSummerCrochetTee_Pattern.pdf,n/a,digital,0,
ST-RIBBED-SOCKS-001,pattern,"Stitchfolk Everyday Ribbed Socks, Top-Down Knit Socks, 3 Foot Sizes","Top-down ribbed knit socks with a reinforced heel flap, three sizes. Instant PDF download (5 pp).",n/a,Stitchfolk_EverydayRibbedSocks_Pattern.pdf,Stitchfolk_EverydayRibbedSocks_Pattern.pdf,n/a,digital,0,
ST-BRIOCHE-HOOD-001,pattern,"Stitchfolk Two-Color Brioche Hood, Reversible Knit Hood, Neck Warmer",A reversible two-color brioche knit hood with a built-in neck warmer. Instant PDF download (4 pp).,n/a,Stitchfolk_TwoColorBriocheHood_Pattern.pdf,Stitchfolk_TwoColorBriocheHood_Pattern.pdf,n/a,digital,0,
ST-WAVE-ORNAMENTS-001,pattern,"Stitchfolk Needlepoint Ornaments, Wave Ornament Series Set of 3",A wave-series needlepoint ornament set. Instant PDF download (5 pp).,n/a,Stitchfolk_WaveOrnamentSeries_Pattern.pdf,Stitchfolk_WaveOrnamentSeries_Pattern.pdf,n/a,digital,0,
ST-CHECKER-PILLOW-001,pattern,"Stitchfolk Checkerboard Needlepoint Pillow, 40cm Pillow Panel",A checkerboard needlepoint pillow panel pattern (40 cm). Instant PDF download (5 pp).,n/a,Stitchfolk_CheckerboardPillowPanel_Pattern.pdf,Stitchfolk_CheckerboardPillowPanel_Pattern.pdf,n/a,digital,0,
ST-MUSHROOM-SAMPLER-001,pattern,"Stitchfolk Needlepoint Sampler, Mushroom Trio, Woodland Needlepoint",A woodland mushroom trio needlepoint sampler. Instant PDF download (7 pp).,n/a,Stitchfolk_MushroomTrioSampler_Pattern.pdf,Stitchfolk_MushroomTrioSampler_Pattern.pdf,n/a,digital,1,
ST-MOSAIC-CUSHION-001,pattern,"Stitchfolk Modern Mosaic Cushion, Crochet Pillow Cover, 45cm Insert",A mosaic crochet cushion cover with an envelope back (45 cm). Instant PDF download (4 pp).,n/a,Stitchfolk_ModernMosaicCushion_Pattern.pdf,Stitchfolk_ModernMosaicCushion_Pattern.pdf,n/a,digital,0,
