sku,type,title,description,base_color,design_file,ip_clearance
RE-CT-T001,tee,Patina & Pride,Arched PATINA & PRIDE lettering over a rust-textured classic pickup silhouette — the farm-shop badge for trucks that earned every dent. A perfect gift for the old-truck lover who would never trade patina for paint.,black,tees/re-ct-t001-patina-pride.webp,PASS
RE-CT-T002,tee,Farm Fresh,"Old produce-crate-label badge reading FARM FRESH, with a barn and pickup silhouette in sun-faded red and cream. For the truck that still works for a living.",brown,tees/re-ct-t002-farm-fresh.webp,PASS
RE-CT-T003,tee,Workhorse,Bold slab WORKHORSE lettering with a horseshoe and crossed wrenches — the shop badge for the truck that never calls in sick.,charcoal,tees/re-ct-t003-workhorse.webp,PASS
RE-CT-T004,tee,Haul It,"HAUL IT in stencil type under a tow-chain hook — short, plain, and true. For the driver whose truck bed is never empty for long.",black,tees/re-ct-t004-haul-it.webp,PASS
RE-CT-T005,tee,Three on the Tree,A column-shifter H-pattern diagram inside a round badge reading THREE ON THE TREE. For folks who learned to drive with one hand on the column.,olive,tees/re-ct-t005-three-on-the-tree.webp,PASS
RE-CT-T006,tee,Six in a Row,Inline-six engine block line art with SIX IN A ROW — a salute to the straight-six that outlived everything bolted around it.,charcoal,tees/re-ct-t006-six-in-a-row.webp,PASS
RE-CT-T007,tee,Shop Truck,"SHOP TRUCK in garage-door lettering with crossed wrenches. The official uniform of the truck that hauls parts, not groceries.",black,tees/re-ct-t007-shop-truck.webp,PASS
RE-CT-T008,tee,Barn Find,"BARN FIND in weathered barn-board type over a cobwebbed pickup silhouette behind half-open barn doors. For the hunter, not the buyer.",brown,tees/re-ct-t008-barn-find.webp,PASS
RE-CT-T009,tee,Two-Tone,TWO-TONE in split-color lettering with a classic two-tone paint stripe — the factory style that still turns heads at the feed store.,forest,tees/re-ct-t009-two-tone.webp,PASS
RE-CT-T010,tee,Straight Six,"STRAIGHT SIX with six pistons standing in a row — simple, honest power. A nod to the engine that taught America torque.",charcoal,tees/re-ct-t010-straight-six.webp,PASS
RE-CT-T011,tee,Torque Over Horsepower,TORQUE OVER HORSEPOWER on a ribbon badge with a gear — because horsepower sells trucks and torque moves loads.,black,tees/re-ct-t011-torque-over-horsepower.webp,PASS
RE-CT-T012,tee,Granny Gear,GRANNY GEAR with a big low-gear cog — first gear so low you could walk beside it. The hill-climber's badge of honor.,olive,tees/re-ct-t012-granny-gear.webp,PASS
RE-CT-T013,tee,Long Bed Legend,"LONG BED LEGEND with an eight-foot bed silhouette — for trucks measured in work done, not inches.",brown,tees/re-ct-t013-long-bed-legend.webp,PASS
RE-CT-T014,tee,Feed Store Run,FEED STORE RUN with a feed sack and old storefront badge — the Saturday morning ritual in vintage label style.,tan,tees/re-ct-t014-feed-store-run.webp,PASS
RE-CT-T015,tee,Fence-Line Cruiser,"FENCE-LINE CRUISER with fence posts and a gravel road running to the horizon. Slow miles, good miles.",forest,tees/re-ct-t015-fence-line-cruiser.webp,PASS
RE-CT-T016,tee,Tailgate Talks,TAILGATE TALKS with two friends sitting on a lowered tailgate at sunset — where the best conversations happen.,charcoal,tees/re-ct-t016-tailgate-talks.webp,PASS
RE-CT-T017,tee,Oil Field Tested,OIL FIELD TESTED with a pumpjack silhouette — proven where the roads end and the work begins.,black,tees/re-ct-t017-oil-field-tested.webp,PASS
RE-CT-T018,tee,Ranch Ready,RANCH READY in cattle-brand style lettering with a longhorn skull — ready for calving season or Saturday.,brown,tees/re-ct-t018-ranch-ready.webp,PASS
RE-CT-T019,tee,Wood Bed,"WOOD BED with oak plank bed-floor line art — real wood, real truck, no plastic.",forest,tees/re-ct-t019-wood-bed.webp,PASS
RE-CT-T020,tee,Split Bench,SPLIT BENCH with a classic bench-seat line drawing — room for three and the dog.,charcoal,tees/re-ct-t020-split-bench.webp,PASS
RE-CT-T021,tee,Hay Hauler,HAY HAULER with a round bale loaded in the bed — the summer job on four wheels.,olive,tees/re-ct-t021-hay-hauler.webp,PASS
RE-CT-T022,tee,Rusted But Running,RUSTED BUT RUNNING — the honest condition report every old-truck owner understands.,black,tees/re-ct-t022-rusted-but-running.webp,PASS
RE-CT-T023,tee,Patina Is a Paint Job,"PATINA IS A PAINT JOB — forty years of sun and rain, and you cannot buy that in a can.",brown,tees/re-ct-t023-patina-is-a-paint-job.webp,PASS
RE-CT-T024,tee,Sun-Faded & Proud,"SUN-FADED & PROUD in bleached vintage type — faded by weather, not by effort.",tan,tees/re-ct-t024-sun-faded-proud.webp,PASS
RE-CT-T025,tee,Dusty But Trusty,"DUSTY BUT TRUSTY with a dust-cloud pickup silhouette — starts every morning, asks for nothing.",olive,tees/re-ct-t025-dusty-but-trusty.webp,PASS
RE-CT-T026,tee,Column Shift,"COLUMN SHIFT with the classic H-pattern — three pedals, one column, zero confusion.",charcoal,tees/re-ct-t026-column-shift.webp,PASS
RE-CT-T027,tee,Manual Everything,"MANUAL EVERYTHING — steering, brakes, transmission. The way trucks were built to be driven.",black,tees/re-ct-t027-manual-everything.webp,PASS
RE-CT-T028,tee,Crank Windows,"CRANK WINDOWS with a window-crank handle — power nothing, works forever.",forest,tees/re-ct-t028-crank-windows.webp,PASS
RE-CT-T029,tee,AM Radio,"AM RADIO with an old push-button radio dial — static, ball games, and the farm report.",brown,tees/re-ct-t029-am-radio.webp,PASS
RE-CT-T030,tee,Half-Ton Hero,"HALF-TON HERO — not the biggest truck on the lot, just the one still working.",charcoal,tees/re-ct-t030-half-ton-hero.webp,PASS
RE-CT-T031,tee,Still Pulling,STILL PULLING with a trailer hitch and chain — decades on and the hitch still gets used.,black,tees/re-ct-t031-still-pulling.webp,PASS
RE-CT-T032,tee,Grandpa's Truck,"GRANDPA'S TRUCK — handed down with the keys, the stories, and the spare parts.",olive,tees/re-ct-t032-grandpas-truck.webp,PASS
RE-CT-T033,tee,First Truck,FIRST TRUCK — everybody remembers theirs. A gift-ready design for the new old-truck owner.,forest,tees/re-ct-t033-first-truck.webp,PASS
RE-CT-T034,tee,Hand-Me-Down Hauler,"HAND-ME-DOWN HAULER — three owners, one family, zero plans to sell.",brown,tees/re-ct-t034-hand-me-down-hauler.webp,PASS
RE-CT-T035,tee,"One Bench, Three Friends","ONE BENCH, THREE FRIENDS — the original crew cab, and it never needed a back door.",charcoal,tees/re-ct-t035-one-bench-three-friends.webp,PASS
RE-CT-T036,tee,Tailgate Down,TAILGATE DOWN — the universal sign that work is done and the cooler is open.,black,tees/re-ct-t036-tailgate-down.webp,PASS
RE-CT-T037,tee,"Bed Full, Tank Empty","BED FULL, TANK EMPTY — priorities in order. The working truck's daily math.",olive,tees/re-ct-t037-bed-full-tank-empty.webp,PASS
RE-CT-T038,tee,Eight-Foot Bed,"EIGHT-FOOT BED — because plywood comes in eight-foot sheets, and so should truck beds.",forest,tees/re-ct-t038-eight-foot-bed.webp,PASS
RE-CT-T039,tee,Mud Flaps & Pride,MUD FLAPS & PRIDE — the finishing touch on a truck that earns its keep.,charcoal,tees/re-ct-t039-mud-flaps-pride.webp,PASS
RE-CT-T040,tee,Gravel Road,GRAVEL ROAD with a dusty two-track running to the horizon — pavement optional.,brown,tees/re-ct-t040-gravel-road.webp,PASS
RE-CT-T041,tee,Spare Tire Society,"SPARE TIRE SOCIETY — bed-mounted spare, because flats do not wait for tow trucks.",black,tees/re-ct-t041-spare-tire-society.webp,PASS
RE-CT-T042,tee,Tow Chain,TOW CHAIN with a heavy hook — the tool that has pulled more trucks than any winch.,olive,tees/re-ct-t042-tow-chain.webp,PASS
RE-CT-T043,tee,Leaf Spring Logic,"LEAF SPRING LOGIC with a stacked leaf-spring diagram — simple, strong, rebuildable.",charcoal,tees/re-ct-t043-leaf-spring-logic.webp,PASS
RE-CT-T044,tee,Dipstick Wisdom,"DIPSTICK WISDOM — check the oil, trust the dipstick, skip the dashboard.",forest,tees/re-ct-t044-dipstick-wisdom.webp,PASS
RE-CT-T045,tee,Points & Condenser,"POINTS & CONDENSER with a distributor diagram — ignition the old way, and it still fires.",brown,tees/re-ct-t045-points-condenser.webp,PASS
RE-CT-T046,tee,Drum Brakes & Determination,DRUM BRAKES & DETERMINATION — stops fine if you plan ahead.,black,tees/re-ct-t046-drum-brakes-determination.webp,PASS
RE-CT-T047,tee,Carburetor & Coffee,CARBURETOR & COFFEE — the two things that get the shop moving every morning.,charcoal,tees/re-ct-t047-carburetor-coffee.webp,PASS
RE-CT-T048,tee,"Slow Truck, Fast Life","SLOW TRUCK, FAST LIFE — fifty-five in a seventy world, and in no hurry about it.",olive,tees/re-ct-t048-slow-truck-fast-life.webp,PASS
RE-CT-T049,tee,Farm Use,FARM USE in plate-style lettering — the registration class of the truly unbothered.,forest,tees/re-ct-t049-farm-use.webp,PASS
RE-CT-T050,tee,Pickup Forever,PICKUP FOREVER with a timeless truck silhouette — some things do not need reinventing.,black,tees/re-ct-t050-pickup-forever.webp,PASS
RE-CT-T051,tee,Grease Under Nails,GREASE UNDER NAILS — the mark of someone who fixes their own truck.,charcoal,tees/re-ct-t051-grease-under-nails.webp,PASS
RE-CT-T052,tee,Wrench & Winch,WRENCH & WINCH crossed over a round badge — the recovery kit in emblem form.,brown,tees/re-ct-t052-wrench-winch.webp,PASS
RE-CT-T053,tee,Shop Dog Approved,SHOP DOG APPROVED with a dog riding shotgun — the only review that matters.,olive,tees/re-ct-t053-shop-dog-approved.webp,PASS
RE-CT-T054,tee,Tailgate Coffee,TAILGATE COFFEE with a steaming mug on a lowered tailgate — mornings done right.,forest,tees/re-ct-t054-tailgate-coffee.webp,PASS
RE-CT-T055,tee,Barn Raising,"BARN RAISING with a barn frame and many hands — built together, like everything worth keeping.",brown,tees/re-ct-t055-barn-raising.webp,PASS
RE-CT-T056,tee,Hail Season Survivor,HAIL SEASON SURVIVOR with a dimpled-hood badge — character you cannot order from the factory.,charcoal,tees/re-ct-t056-hail-season-survivor.webp,PASS
RE-CT-T057,tee,Year-Round Worker,YEAR-ROUND WORKER with a snow-and-mud badge — no garage queen here.,black,tees/re-ct-t057-year-round-worker.webp,PASS
RE-CT-T058,tee,Since 1974,"SINCE 1974 with a vintage dealer-plate badge — one family, one truck, fifty-plus years.",olive,tees/re-ct-t058-since-1974.webp,PASS
RE-CT-T059,tee,Full Size & Proud,"FULL SIZE & PROUD — hauls by the ton, parks wherever it fits.",forest,tees/re-ct-t059-full-size-proud.webp,PASS
RE-CT-T060,tee,RestorationEssentials™ Crest,The RestorationEssentials™ truck badge — crossed wrenches over a classic pickup silhouette in heritage shop style. The flagship of the Classic Trucks tier.,black,tees/re-ct-t060-heritage-crest.webp,PASS
RE-CT-H001,hat,Patina & Pride Patch,"A distressed arched PATINA & PRIDE patch — rust texture, cream thread on black, the winning trucker front-panel format. Perfect gift for the old-truck faithful.",Black,hats/re-ct-h001-patina-pride.webp,PASS
RE-CT-H002,hat,Farm Fresh Patch,Old crate-label FARM FRESH patch with a tiny barn — sun-faded red and cream thread. For the truck that still works for a living.,Brown,hats/re-ct-h002-farm-fresh.webp,PASS
RE-CT-H003,hat,Workhorse Patch,Slab WORKHORSE lettering with a horseshoe — the badge for the truck that never calls in sick.,Charcoal,hats/re-ct-h003-workhorse.webp,PASS
RE-CT-H004,hat,Haul It Patch,"Stencil HAUL IT with a tow-chain hook — short, plain, and true.",Black,hats/re-ct-h004-haul-it.webp,PASS
RE-CT-H005,hat,Three on the Tree Patch,Column-shifter H-pattern in a round badge reading THREE ON THE TREE — for the column-shift faithful.,Olive,hats/re-ct-h005-three-on-the-tree.webp,PASS
RE-CT-H006,hat,Six in a Row Patch,"Inline-six block line art with SIX IN A ROW — straight-six pride, stitched.",Charcoal,hats/re-ct-h006-six-in-a-row.webp,PASS
RE-CT-H007,hat,Shop Truck Patch,SHOP TRUCK with crossed wrenches — the official cap of the parts-hauler.,Black,hats/re-ct-h007-shop-truck.webp,PASS
RE-CT-H008,hat,Barn Find Patch,"Weathered BARN FIND patch with half-open barn doors — for the hunter, not the buyer.",Brown,hats/re-ct-h008-barn-find.webp,PASS
RE-CT-H009,hat,Two-Tone Patch,Split-color TWO-TONE lettering with a paint stripe — the factory style that still turns heads.,Black,hats/re-ct-h009-two-tone.webp,PASS
RE-CT-H010,hat,Straight Six Patch,"Six pistons in a row under STRAIGHT SIX — simple, honest power.",Charcoal,hats/re-ct-h010-straight-six.webp,PASS
RE-CT-H011,hat,Torque Wins Patch,"TORQUE WINS on a gear badge — horsepower sells trucks, torque moves loads.",Black,hats/re-ct-h011-torque-wins.webp,PASS
RE-CT-H012,hat,Granny Gear Patch,GRANNY GEAR with a big low cog — first gear so low you could walk beside it.,Olive,hats/re-ct-h012-granny-gear.webp,PASS
RE-CT-H013,hat,Long Bed Legend Patch,"LONG BED LEGEND with a long-bed silhouette — measured in work done, not inches.",Brown,hats/re-ct-h013-long-bed-legend.webp,PASS
RE-CT-H014,hat,Feed Store Run Patch,"FEED STORE RUN with a feed sack — the Saturday morning ritual, stitched.",Tan,hats/re-ct-h014-feed-store-run.webp,PASS
RE-CT-H015,hat,Fence-Line Cruiser Patch,"FENCE-LINE CRUISER with fence posts — slow miles, good miles.",Olive,hats/re-ct-h015-fence-line-cruiser.webp,PASS
RE-CT-H016,hat,Tailgate Talks Patch,TAILGATE TALKS with a sunset tailgate — where the best conversations happen.,Charcoal,hats/re-ct-h016-tailgate-talks.webp,PASS
RE-CT-H017,hat,Oil Field Tested Patch,OIL FIELD TESTED with a pumpjack — proven where the roads end.,Black,hats/re-ct-h017-oil-field-tested.webp,PASS
RE-CT-H018,hat,Ranch Ready Patch,RANCH READY in cattle-brand style with a longhorn skull — ready for Saturday.,Brown,hats/re-ct-h018-ranch-ready.webp,PASS
RE-CT-H019,hat,Wood Bed Patch,"WOOD BED with oak plank line art — real wood, real truck, no plastic.",Forest,hats/re-ct-h019-wood-bed.webp,PASS
RE-CT-H020,hat,Split Bench Patch,SPLIT BENCH with a bench-seat drawing — room for three and the dog.,Charcoal,hats/re-ct-h020-split-bench.webp,PASS
RE-CT-H021,hat,Hay Hauler Patch,HAY HAULER with a round bale — the summer job on four wheels.,Olive,hats/re-ct-h021-hay-hauler.webp,PASS
RE-CT-H022,hat,Crank Windows Patch,"CRANK WINDOWS with a crank handle — power nothing, works forever.",Black,hats/re-ct-h022-crank-windows.webp,PASS
RE-CT-H023,hat,Column Shift Patch,"COLUMN SHIFT with the H-pattern — three pedals, one column.",Charcoal,hats/re-ct-h023-column-shift.webp,PASS
RE-CT-H024,hat,AM Radio Patch,"AM RADIO with a push-button dial — static, ball games, and the farm report.",Brown,hats/re-ct-h024-am-radio.webp,PASS
RE-CT-H025,hat,Rusted But Running Patch,"RUSTED BUT RUNNING — the honest condition report, stitched plain.",Black,hats/re-ct-h025-rusted-but-running.webp,PASS
RE-CT-H026,hat,Half-Ton Hero Patch,"HALF-TON HERO star badge — not the biggest truck, just the one still working.",Olive,hats/re-ct-h026-half-ton-hero.webp,PASS
RE-CT-H027,hat,Dusty But Trusty Patch,"DUSTY BUT TRUSTY — starts every morning, asks for nothing.",Tan,hats/re-ct-h027-dusty-but-trusty.webp,PASS
RE-CT-H028,hat,Grandpa's Truck Patch,GRANDPA'S TRUCK heritage patch — handed down with the keys and the stories.,Brown,hats/re-ct-h028-grandpas-truck.webp,PASS
RE-CT-H029,hat,Still Pulling Patch,STILL PULLING with a hitch and chain — the hitch still gets used.,Black,hats/re-ct-h029-still-pulling.webp,PASS
RE-CT-H030,hat,Manual Everything Patch,"MANUAL EVERYTHING — steering, brakes, transmission. The way trucks were built.",Charcoal,hats/re-ct-h030-manual-everything.webp,PASS
RE-CT-H031,hat,Pickup Forever Patch,PICKUP FOREVER with a timeless silhouette — some things do not need reinventing.,Black,hats/re-ct-h031-pickup-forever.webp,PASS
RE-CT-H032,hat,"Bed Full, Tank Empty Patch","BED FULL, TANK EMPTY — priorities in order.",Olive,hats/re-ct-h032-bed-full-tank-empty.webp,PASS
RE-CT-H033,hat,Mud Flaps & Pride Patch,MUD FLAPS & PRIDE — the finishing touch on a truck that earns its keep.,Brown,hats/re-ct-h033-mud-flaps-pride.webp,PASS
RE-CT-H034,hat,Farm Use Patch,FARM USE plate-style patch — the registration class of the truly unbothered.,Tan,hats/re-ct-h034-farm-use.webp,PASS
RE-CT-H035,hat,"Slow Truck, Fast Life Patch","SLOW TRUCK, FAST LIFE — fifty-five in a seventy world.",Charcoal,hats/re-ct-h035-slow-truck-fast-life.webp,PASS
RE-CT-H036,hat,Grease Under Nails Patch,GREASE UNDER NAILS — the mark of someone who fixes their own truck.,Black,hats/re-ct-h036-grease-under-nails.webp,PASS
RE-CT-H037,hat,Shop Dog Approved Patch,SHOP DOG APPROVED with a dog riding shotgun — the only review that matters.,Brown,hats/re-ct-h037-shop-dog-approved.webp,PASS
RE-CT-H038,hat,Wrench & Winch Patch,WRENCH & WINCH crossed in a round badge — the recovery kit in emblem form.,Olive,hats/re-ct-h038-wrench-winch.webp,PASS
RE-CT-H039,hat,Tailgate Coffee Patch,TAILGATE COFFEE with a steaming mug — mornings done right.,Forest,hats/re-ct-h039-tailgate-coffee.webp,PASS
RE-CT-H040,hat,RestorationEssentials™ Roundel,"The RestorationEssentials™ roundel — crossed wrenches over a pickup silhouette, heritage shop style. The flagship cap of the Classic Trucks tier.",Black,hats/re-ct-h040-heritage-roundel.webp,PASS
RE-CT-M001,mug,Patina & Pride Mug,A rust-textured PATINA & PRIDE wrap graphic for the old-truck lover who would never trade patina for paint. Dishwasher-safe wrap print.,matte black ceramic,misc/re-ct-m001-patina-pride-mug.webp,PASS
RE-CT-M002,mug,Farm Fresh Mug,Old crate-label FARM FRESH art with a tiny barn — the Saturday feed-store run in a mug. Dishwasher-safe wrap print.,matte black ceramic,misc/re-ct-m002-farm-fresh-mug.webp,PASS
RE-CT-M003,mug,Tailgate Coffee Mug,A steaming mug on a lowered tailgate under TAILGATE COFFEE — mornings done right. Dishwasher-safe wrap print.,matte black ceramic,misc/re-ct-m003-tailgate-coffee-mug.webp,PASS
RE-CT-M004,mug,Shop Truck Mug,SHOP TRUCK with crossed wrenches — the official mug of the parts-hauler. Dishwasher-safe wrap print.,matte black ceramic,misc/re-ct-m004-shop-truck-mug.webp,PASS
RE-CT-M005,mug,Torque Wins Mug,"TORQUE WINS on a gear badge — horsepower sells trucks, torque moves loads. Dishwasher-safe wrap print.",matte black ceramic,misc/re-ct-m005-torque-wins-mug.webp,PASS
RE-CT-M006,mug,Barn Find Mug,"Weathered BARN FIND art with half-open barn doors — for the hunter, not the buyer. Dishwasher-safe wrap print.",matte black ceramic,misc/re-ct-m006-barn-find-mug.webp,PASS
RE-CT-M007,sign,Farm Fresh Garage Sign,"Old crate-label FARM FRESH sign art with a barn — sun-faded red and cream, ready for the shop wall. Printed on distressed tin.",distressed tin,misc/re-ct-m007-farm-fresh-sign.webp,PASS
RE-CT-M008,sign,Barn Find Metal Sign,Weathered BARN FIND sign with half-open barn doors — the hunter's wall art. Printed on distressed tin.,distressed tin,misc/re-ct-m008-barn-find-sign.webp,PASS
RE-CT-M009,sign,Shop Truck Rules Sign,"SHOP TRUCK RULES in garage-door type with crossed wrenches — rule one: it hauls parts, not groceries. Printed on distressed tin.",distressed tin,misc/re-ct-m009-shop-truck-rules-sign.webp,PASS
RE-CT-M010,sign,Patina & Pride Barn Sign,"Arched PATINA & PRIDE sign art with rust texture — the farm-shop badge, wall-sized. Printed on distressed tin.",distressed tin,misc/re-ct-m010-patina-pride-sign.webp,PASS
RE-CT-M011,sign,Workhorse Shop Sign,Slab WORKHORSE lettering with a horseshoe — for the truck that never calls in sick. Printed on distressed tin.,distressed tin,misc/re-ct-m011-workhorse-sign.webp,PASS
RE-CT-M012,decal,Straight Six Decal,"Six pistons in a row under STRAIGHT SIX — simple, honest power for the back window. Weatherproof vinyl.","vinyl decal, weatherproof",misc/re-ct-m012-straight-six-decal.webp,PASS
RE-CT-M013,decal,Six in a Row Decal,Inline-six block art with SIX IN A ROW — straight-six pride for the toolbox. Weatherproof vinyl.,"vinyl decal, weatherproof",misc/re-ct-m013-six-in-a-row-decal.webp,PASS
RE-CT-M014,decal,Granny Gear Decal,GRANNY GEAR with a big low cog — the hill-climber's badge for the bumper. Weatherproof vinyl.,"vinyl decal, weatherproof",misc/re-ct-m014-granny-gear-decal.webp,PASS
RE-CT-M015,decal,Long Bed Legend Decal,"LONG BED LEGEND with a long-bed silhouette — measured in work done, not inches. Weatherproof vinyl.","vinyl decal, weatherproof",misc/re-ct-m015-long-bed-legend-decal.webp,PASS
RE-CT-M016,patch,Ranch Ready Patch,Cattle-brand RANCH READY patch with a longhorn skull — iron it on the work jacket. Embroidered twill.,embroidered twill patch,misc/re-ct-m016-ranch-ready-patch.webp,PASS
RE-CT-M017,patch,Oil Field Tested Patch,OIL FIELD TESTED patch with a pumpjack — proven where the roads end. Embroidered twill.,embroidered twill patch,misc/re-ct-m017-oil-field-tested-patch.webp,PASS
RE-CT-M018,keychain,Piston Keychain,"A piston-shaped keychain in antique brass — straight-six pride for the key ring. Etched detail, split ring included.",antique brass,misc/re-ct-m018-piston-keychain.webp,PASS
RE-CT-M019,keychain,Wrench Keychain,"A combination-wrench keychain in antique brass — for the fix-it-yourself faithful. Etched detail, split ring included.",antique brass,misc/re-ct-m019-wrench-keychain.webp,PASS
RE-CT-M020,flag,Fence-Line Cruiser Flag,"FENCE-LINE CRUISER flag art with fence posts and a gravel road — slow miles, good miles. Heavy canvas, grommeted.",canvas flag,misc/re-ct-m020-fence-line-cruiser-flag.webp,PASS
RE-CT-S001,sweatshirt,Patina & Pride Pullover,Arched PATINA & PRIDE lettering over a rust-textured classic pickup silhouette — the farm-shop badge for trucks that earned every dent. A perfect gift for the old-truck lover who would never trade patina for paint. Printed big on a heavyweight pullover fleece — the shop-uniform version of a RestorationEssentials™ classic.,black,tees/re-ct-t001-patina-pride.webp,PASS
RE-CT-S002,sweatshirt,Farm Fresh Pullover,"Old produce-crate-label badge reading FARM FRESH, with a barn and pickup silhouette in sun-faded red and cream. For the truck that still works for a living. Printed big on a heavyweight pullover fleece — the shop-uniform version of a RestorationEssentials™ classic.",brown,tees/re-ct-t002-farm-fresh.webp,PASS
RE-CT-S003,sweatshirt,Workhorse Pullover,Bold slab WORKHORSE lettering with a horseshoe and crossed wrenches — the shop badge for the truck that never calls in sick. Printed big on a heavyweight pullover fleece — the shop-uniform version of a RestorationEssentials™ classic.,charcoal,tees/re-ct-t003-workhorse.webp,PASS
RE-CT-S004,sweatshirt,Haul It Pullover,"HAUL IT in stencil type under a tow-chain hook — short, plain, and true. For the driver whose truck bed is never empty for long. Printed big on a heavyweight pullover fleece — the shop-uniform version of a RestorationEssentials™ classic.",black,tees/re-ct-t004-haul-it.webp,PASS
RE-CT-S005,sweatshirt,Three on the Tree Pullover,A column-shifter H-pattern diagram inside a round badge reading THREE ON THE TREE. For folks who learned to drive with one hand on the column. Printed big on a heavyweight pullover fleece — the shop-uniform version of a RestorationEssentials™ classic.,olive,tees/re-ct-t005-three-on-the-tree.webp,PASS
RE-CT-S006,sweatshirt,Six in a Row Pullover,Inline-six engine block line art with SIX IN A ROW — a salute to the straight-six that outlived everything bolted around it. Printed big on a heavyweight pullover fleece — the shop-uniform version of a RestorationEssentials™ classic.,charcoal,tees/re-ct-t006-six-in-a-row.webp,PASS
RE-CT-S007,sweatshirt,Shop Truck Pullover,"SHOP TRUCK in garage-door lettering with crossed wrenches. The official uniform of the truck that hauls parts, not groceries. Printed big on a heavyweight pullover fleece — the shop-uniform version of a RestorationEssentials™ classic.",black,tees/re-ct-t007-shop-truck.webp,PASS
RE-CT-S008,sweatshirt,Barn Find Pullover,"BARN FIND in weathered barn-board type over a cobwebbed pickup silhouette behind half-open barn doors. For the hunter, not the buyer. Printed big on a heavyweight pullover fleece — the shop-uniform version of a RestorationEssentials™ classic.",brown,tees/re-ct-t008-barn-find.webp,PASS
RE-CT-S009,sweatshirt,Two-Tone Pullover,TWO-TONE in split-color lettering with a classic two-tone paint stripe — the factory style that still turns heads at the feed store. Printed big on a heavyweight pullover fleece — the shop-uniform version of a RestorationEssentials™ classic.,forest,tees/re-ct-t009-two-tone.webp,PASS
RE-CT-S010,sweatshirt,Straight Six Pullover,"STRAIGHT SIX with six pistons standing in a row — simple, honest power. A nod to the engine that taught America torque. Printed big on a heavyweight pullover fleece — the shop-uniform version of a RestorationEssentials™ classic.",charcoal,tees/re-ct-t010-straight-six.webp,PASS
RE-CT-S011,sweatshirt,Torque Over Horsepower Pullover,TORQUE OVER HORSEPOWER on a ribbon badge with a gear — because horsepower sells trucks and torque moves loads. Printed big on a heavyweight pullover fleece — the shop-uniform version of a RestorationEssentials™ classic.,black,tees/re-ct-t011-torque-over-horsepower.webp,PASS
RE-CT-S012,sweatshirt,Granny Gear Pullover,GRANNY GEAR with a big low-gear cog — first gear so low you could walk beside it. The hill-climber's badge of honor. Printed big on a heavyweight pullover fleece — the shop-uniform version of a RestorationEssentials™ classic.,olive,tees/re-ct-t012-granny-gear.webp,PASS
RE-CT-S013,sweatshirt,Long Bed Legend Pullover,"LONG BED LEGEND with an eight-foot bed silhouette — for trucks measured in work done, not inches. Printed big on a heavyweight pullover fleece — the shop-uniform version of a RestorationEssentials™ classic.",brown,tees/re-ct-t013-long-bed-legend.webp,PASS
RE-CT-S014,sweatshirt,Feed Store Run Pullover,FEED STORE RUN with a feed sack and old storefront badge — the Saturday morning ritual in vintage label style. Printed big on a heavyweight pullover fleece — the shop-uniform version of a RestorationEssentials™ classic.,tan,tees/re-ct-t014-feed-store-run.webp,PASS
RE-CT-S015,sweatshirt,Fence-Line Cruiser Pullover,"FENCE-LINE CRUISER with fence posts and a gravel road running to the horizon. Slow miles, good miles. Printed big on a heavyweight pullover fleece — the shop-uniform version of a RestorationEssentials™ classic.",forest,tees/re-ct-t015-fence-line-cruiser.webp,PASS
RE-CT-S016,sweatshirt,Tailgate Talks Pullover,TAILGATE TALKS with two friends sitting on a lowered tailgate at sunset — where the best conversations happen. Printed big on a heavyweight pullover fleece — the shop-uniform version of a RestorationEssentials™ classic.,charcoal,tees/re-ct-t016-tailgate-talks.webp,PASS
RE-CT-S017,sweatshirt,Oil Field Tested Pullover,OIL FIELD TESTED with a pumpjack silhouette — proven where the roads end and the work begins. Printed big on a heavyweight pullover fleece — the shop-uniform version of a RestorationEssentials™ classic.,black,tees/re-ct-t017-oil-field-tested.webp,PASS
RE-CT-S018,sweatshirt,Ranch Ready Pullover,RANCH READY in cattle-brand style lettering with a longhorn skull — ready for calving season or Saturday. Printed big on a heavyweight pullover fleece — the shop-uniform version of a RestorationEssentials™ classic.,brown,tees/re-ct-t018-ranch-ready.webp,PASS
RE-CT-S019,sweatshirt,Wood Bed Pullover,"WOOD BED with oak plank bed-floor line art — real wood, real truck, no plastic. Printed big on a heavyweight pullover fleece — the shop-uniform version of a RestorationEssentials™ classic.",forest,tees/re-ct-t019-wood-bed.webp,PASS
RE-CT-S020,sweatshirt,Split Bench Pullover,SPLIT BENCH with a classic bench-seat line drawing — room for three and the dog. Printed big on a heavyweight pullover fleece — the shop-uniform version of a RestorationEssentials™ classic.,charcoal,tees/re-ct-t020-split-bench.webp,PASS
RE-CT-S021,sweatshirt,Hay Hauler Pullover,HAY HAULER with a round bale loaded in the bed — the summer job on four wheels. Printed big on a heavyweight pullover fleece — the shop-uniform version of a RestorationEssentials™ classic.,olive,tees/re-ct-t021-hay-hauler.webp,PASS
RE-CT-S022,sweatshirt,Rusted But Running Pullover,RUSTED BUT RUNNING — the honest condition report every old-truck owner understands. Printed big on a heavyweight pullover fleece — the shop-uniform version of a RestorationEssentials™ classic.,black,tees/re-ct-t022-rusted-but-running.webp,PASS
RE-CT-S023,sweatshirt,Patina Is a Paint Job Pullover,"PATINA IS A PAINT JOB — forty years of sun and rain, and you cannot buy that in a can. Printed big on a heavyweight pullover fleece — the shop-uniform version of a RestorationEssentials™ classic.",brown,tees/re-ct-t023-patina-is-a-paint-job.webp,PASS
RE-CT-S024,sweatshirt,Sun-Faded & Proud Pullover,"SUN-FADED & PROUD in bleached vintage type — faded by weather, not by effort. Printed big on a heavyweight pullover fleece — the shop-uniform version of a RestorationEssentials™ classic.",tan,tees/re-ct-t024-sun-faded-proud.webp,PASS
RE-CT-S025,sweatshirt,Dusty But Trusty Pullover,"DUSTY BUT TRUSTY with a dust-cloud pickup silhouette — starts every morning, asks for nothing. Printed big on a heavyweight pullover fleece — the shop-uniform version of a RestorationEssentials™ classic.",olive,tees/re-ct-t025-dusty-but-trusty.webp,PASS
RE-CT-S026,sweatshirt,Column Shift Pullover,"COLUMN SHIFT with the classic H-pattern — three pedals, one column, zero confusion. Printed big on a heavyweight pullover fleece — the shop-uniform version of a RestorationEssentials™ classic.",charcoal,tees/re-ct-t026-column-shift.webp,PASS
RE-CT-S027,sweatshirt,Manual Everything Pullover,"MANUAL EVERYTHING — steering, brakes, transmission. The way trucks were built to be driven. Printed big on a heavyweight pullover fleece — the shop-uniform version of a RestorationEssentials™ classic.",black,tees/re-ct-t027-manual-everything.webp,PASS
RE-CT-S028,sweatshirt,Crank Windows Pullover,"CRANK WINDOWS with a window-crank handle — power nothing, works forever. Printed big on a heavyweight pullover fleece — the shop-uniform version of a RestorationEssentials™ classic.",forest,tees/re-ct-t028-crank-windows.webp,PASS
RE-CT-S029,sweatshirt,AM Radio Pullover,"AM RADIO with an old push-button radio dial — static, ball games, and the farm report. Printed big on a heavyweight pullover fleece — the shop-uniform version of a RestorationEssentials™ classic.",brown,tees/re-ct-t029-am-radio.webp,PASS
RE-CT-S030,sweatshirt,Half-Ton Hero Pullover,"HALF-TON HERO — not the biggest truck on the lot, just the one still working. Printed big on a heavyweight pullover fleece — the shop-uniform version of a RestorationEssentials™ classic.",charcoal,tees/re-ct-t030-half-ton-hero.webp,PASS
RE-CT-S031,sweatshirt,Still Pulling Pullover,STILL PULLING with a trailer hitch and chain — decades on and the hitch still gets used. Printed big on a heavyweight pullover fleece — the shop-uniform version of a RestorationEssentials™ classic.,black,tees/re-ct-t031-still-pulling.webp,PASS
RE-CT-S032,sweatshirt,Grandpa's Truck Pullover,"GRANDPA'S TRUCK — handed down with the keys, the stories, and the spare parts. Printed big on a heavyweight pullover fleece — the shop-uniform version of a RestorationEssentials™ classic.",olive,tees/re-ct-t032-grandpas-truck.webp,PASS
RE-CT-S033,sweatshirt,First Truck Pullover,FIRST TRUCK — everybody remembers theirs. A gift-ready design for the new old-truck owner. Printed big on a heavyweight pullover fleece — the shop-uniform version of a RestorationEssentials™ classic.,forest,tees/re-ct-t033-first-truck.webp,PASS
RE-CT-S034,sweatshirt,Hand-Me-Down Hauler Pullover,"HAND-ME-DOWN HAULER — three owners, one family, zero plans to sell. Printed big on a heavyweight pullover fleece — the shop-uniform version of a RestorationEssentials™ classic.",brown,tees/re-ct-t034-hand-me-down-hauler.webp,PASS
RE-CT-S035,sweatshirt,"One Bench, Three Friends Pullover","ONE BENCH, THREE FRIENDS — the original crew cab, and it never needed a back door. Printed big on a heavyweight pullover fleece — the shop-uniform version of a RestorationEssentials™ classic.",charcoal,tees/re-ct-t035-one-bench-three-friends.webp,PASS
RE-CT-S036,sweatshirt,Tailgate Down Pullover,TAILGATE DOWN — the universal sign that work is done and the cooler is open. Printed big on a heavyweight pullover fleece — the shop-uniform version of a RestorationEssentials™ classic.,black,tees/re-ct-t036-tailgate-down.webp,PASS
RE-CT-S037,sweatshirt,"Bed Full, Tank Empty Pullover","BED FULL, TANK EMPTY — priorities in order. The working truck's daily math. Printed big on a heavyweight pullover fleece — the shop-uniform version of a RestorationEssentials™ classic.",olive,tees/re-ct-t037-bed-full-tank-empty.webp,PASS
RE-CT-S038,sweatshirt,Eight-Foot Bed Pullover,"EIGHT-FOOT BED — because plywood comes in eight-foot sheets, and so should truck beds. Printed big on a heavyweight pullover fleece — the shop-uniform version of a RestorationEssentials™ classic.",forest,tees/re-ct-t038-eight-foot-bed.webp,PASS
RE-CT-S039,sweatshirt,Mud Flaps & Pride Pullover,MUD FLAPS & PRIDE — the finishing touch on a truck that earns its keep. Printed big on a heavyweight pullover fleece — the shop-uniform version of a RestorationEssentials™ classic.,charcoal,tees/re-ct-t039-mud-flaps-pride.webp,PASS
RE-CT-S040,sweatshirt,Gravel Road Pullover,GRAVEL ROAD with a dusty two-track running to the horizon — pavement optional. Printed big on a heavyweight pullover fleece — the shop-uniform version of a RestorationEssentials™ classic.,brown,tees/re-ct-t040-gravel-road.webp,PASS
